Part Name,Part ID
CVIPC2000 STD 5 INSTAL,6159275260
CVIPC2000 ADV 25 INSTAL,6159275380
CVIPC2000 ADV 5 INSTAL,6159275350
CVIS/CPC2000 5 INSTAL,6159275340
CVIPC2000 STD 1 INSTAL,6159275220
CVIPC2000 STD 25 INSTAL,6159275370
CVIS/CPC2000 1 INSTAL,6159275210
LICENCES X5 FOR TOOLSNET,6159275770
LICENCE X1 FOR TOOLSNET,6159278290
LICENCE ELITPC LEVEL 1,6159276850
LICENCE ELITPC LEVEL 2,6159276860
CVI ANALYZER 1 USER,6159276960
CVI ANALYZER 5 USERS,6159276970
CVI KEY,6159276760
ELS8-400-P,6151656050
ELS8-400-P4S,6151658250
ELS12-400-P4S,6151658260
ELS7-360-A4S,6151657250
ELS60-160-A,6151656320
ELS45-180-A,6151656310
ELS7-880-A,6151656280
ELS7-880-A10S,6151658880
ELS15-480-A4S,6151658390
ELC12-600-P-W,6151661030
ELC 8-400-P-W 120 - 400,6151661010
ELC 8-800-P-W,6151661020
ELC 6-1000-P-W 300 - 1000,6151661000
ELC 7-360-A4S-W,6151661040
ELC 7-880-A- W,6151661050
ELC 45-180-A- W,6151661080
ELC 15-480-A- W,6151661060
ELC 30-300-A- W,6151661070
ELB6-900-P,6151654160
ELB2.5-1250-P,6151654150
BLRTA025-2350-4Q,6151660240
BLRTA025-2350-10S,6151660230
BLRTA045-3990-10S,6151661870
BLRTC025-2350-4Q,6151660260
BLRTC025-2350-10S,6151660250
BLRTC045-3990-10S,6151661860
EABA95-240-QRX,6151660860
EABA60-370-QRX,6151660840
EABA50-450-QRX,6151660830
EABA26-560-QRX,6151660800
EABA75-300-QRX,6151660850
EABA32-410-QRX,6151660810
EABA45-330-QRX,6151660820
EABC32-410,6151658430
EABC26-560,6151658420
EABC60-370,6151658460
EABC15-900,6151658410
EABC45-330,6151658440
EABC95-240,6151658480
EABC75-300,6151658470
EABC50-450,6151658450
EAB15-900,6151657310
EAB60-370,6151657360
EAB50-450,6151657350
EAB32-410,6151657330
EAB75-300,6151657370
EAB95-240,6151657380
EAB45-330,6151657340
EAB26-560,6151657320
EABA60-370,6151659660
EABA50-450,6151659650
EABA45-330,6151659640
EABA15-900,6151659610
EABA95-240,6151659680
EABA32-410,6151659630
EABA26-560,6151659620
EABA75-300,6151659670
EPBA 17-700-10S,6151659750
EPBA 14-900-4Q,6151659740
EPBA 8-1800-10S,6151659710
EPBA8-1800-4Q,6151659720
EPBA17-700-4Q,6151659760
EPBA 14-900-10S,6151659730
EPBC8-1800-10S,6151659040
EPBC14-900-4Q,6151659800
EPBC14-900-10S,6151659790
EPBC8-1800-4Q,6151659000
EPBC17-700-10S,6151659020
EPBC17-700-4Q,6151659060
EABC 32-410 eLINK,6151660520
EABC 45-330 eLINK,6151660530
EABC 75-300 eLINK,6151660560
EABC50-450-eLINK,6151660540
EABC26-560-eLINK,6151660510
EABC95-240-eLINK,6151660570
EABC 15-900 eLINK,6151660500
EABC 60-370 eLINK,6151660550
EPB 8-1800-10S,6151659030
EPB 17-700-10S,6151659010
EPB 17-700-4Q,6151659050
EPB8-1800-4Q,6151658990
EPB 14-900-4Q,6151659780
EPB 14-900-10S,6151659770
,
,
,
,
,
Q-SHIELD 500-C,6159352040
Q-SHIELD 150-C,6159352010
Q-SHIELD 30-C,6159352000
Q-SHIELD 200-C,6159352020
Q-SHIELD 400-C,6159352030
Q-SHIELD 800-C,6159352050
Q-SHIELD 900-C,6159352060
ERP750,6151658850
ERP500,6151658840
ERP1000,6151658860
ERP250,6151658830
ERP1700,6151658870
EAD60-625,6151660790
EAD20-1300,6151656060
EAD32-900,6151656070
EAD280-260,6151656830
EAD 50-900-HAD,6151658770
EAD440-250,6151656850
EAD 105-500-HAD,6151658790
EAD70-800,6151656110
EAD 70-700-HAD,6151658780
EID270-410,6151656790
EID25-1200,6151656140
EID120-660,6151656770
EID65-900,6151656170
EID20-1200-4Q,6151659920
EID170-670,6151656780
EID44-1200,6151656160
EID32-900,6151656150
EID75-800,6151656180
ERP20,6151661990
ERP5,6151661980
ERP30,6151662000
ERP40,6151662010
ERP20 TC,6151662030
ERP5 TC,6151662020
EPD7-2080-4Q-1,6151662820
EPD10-1520-4Q,6151662870
EPD40-1260-10S-5,6151663070
EPD7-2080-10S-1,6151662850
EPD40-1260-10S-1,6151663060
EPD16-1120-4Q,6151662930
EPD20-1770-10S-5,6151663010
EPD10-1520-10S-1,6151662910
EPD110-560-SQ1/2-5,6151663130
ELRT025 P4600 10S,6151658380
ELRT025 P4600 4Q,6151658900
ELRT025T P4600-10S-5,6151660400
ELRT025T P4600-10S-1,6151660470
ELRT050T P4900-10S-1,6151660490
ELRT050T P4900-10S-5,6151660420
ELRT025T P4600-4Q-5,6151660410
ELRT050 P4900-10S,6151660220
ELRT025T P4600-4Q-1,6151660480
ECSF06-03,6151660710
ECSF7-03,6151660740
ECSF4-03,6151660730
ECSF2-03,6151660720
ECSF10-03,6151660750
ECSF16-03,6151660760
ECSF16,6151655060
ECSF2,6151655020
ECSF7,6151655040
ECSA2,6151654470
ECSA10,6151654490
SLBN030-A2000-S4Q,6151659380
SLBN020-A1000-S4Q,6151659360
SLBN030-L2000-S4Q,6151659280
SLBN012-A2000-S4Q,6151659350
SLBN012-A1000-S4Q,6151659340
SLBN012-L1000-S4Q,6151659240
SLBN090-A800-S4Q,6151659510
SLBN050-A1000-S4Q,6151659390
SLBN010-L1000-S4Q,6151659550
ERXS80,6151658760
ERXS50,6151658750
ERXS20,6151658740
ERS6-M20,6151656920
ERSF2-03,6151660680
ERSF6-03,6151660690
ERSF12-03,6151660700
ERS2,6151656880
ERS12,6151656900
ERSA12,6151656990
ERS2-M20,6151656910
ERS12-M20,6151656930
ECS 4.00,6151654450
ECS10-M20,6151654580
ECS06-M20,6151654540
ECSA7,6151654480
ECS 7.00,6151654460
ECS2-M20,6151654550
ECS 2.00,6151654430
ECS4-M20,6151654560
ECS16-M20,6151654600
SLC030-P1200-C4Q,6151654880
SLC100-P600-C4Q,6151654620
SLC030-L1200-C90A4H,6151654780
SLC150-F320-C4Q,6151654690
SLC150-P320-C4Q,6151654630
SLC100-L600-C90A4H,6151654790
SLC100-T600-C4Q,6151654640
SLC030-F1200-C4Q,6151654900
SLC030-T1200-C4Q,6151654890
EFD60-175,6151662110
EFD80-450,6151662140
EFD80-950,6151662160
EFD60-250,6151662120
EFD80-330,6151662130
EFD51-135,6151662090
EFD106-1600,6151662180
EFD43-8,6151662040
EFD43-45,6151662070
EFDO40-180 Offset fixture tool,6151661920
EFDO30-80,6151661910
EFDO24-20 Offset fixture tool,6151661900
EFDO54-450 Offset fixture tool,6151661930
EFMO24-20,6151661590
EFM60-175,6151662270
EFM80-680,6151662310
EFMO30-80,6151661600
EFM51-70,6151662240
EFM80-450,6151662300
EFM80-330,6151662290
EFM60-250,6151662280
EFM43-45,6151662230
EFD43-45-TA,6151662550
EFD51-135-TA,6151662570
EFD51-70-TA,6151662560
EFD60-175-TA,6151662580
EFD43-30-TA,6151662540
EFD60-250-TA,6151662590
EFD43-15-TA,6151662530
ERF10L,6151652880
ERF3L,6151652860
ERF20L,6151652890
ERF20S,6151652900
ERF5L,6151652870
ERF30S,6151652910
EME35-10J,6151654230
CONNECT-W,6159327230
CONNECT-X,6159327220
,
,
,
,
,
M-POWERBOX,6159327510
M-SAFETYBOX,6159327520
M-MODURACK3,6159327570
M-MODURACK2,6159327560
M-DRIVE,6159327630
M-MODURACK5,6159327580
MULTI - SUPPORT CONNECT,6159327620
M-RACKPLUG,6159327590
M-PROTECTRACK,6159327550
TRACKING BASE VIRTUAL CABLE,6158133350
TRACKER-EABC,6158132590
TRACKER-EABS,6158134150
TRACKER-EPBC,6158132600
AXON Module SX,6159327830
AXON Drive,6159327800
TWINCVI3 - ESTOP,6159326980
TWINCVI3,6159326970
CVI3 ESSENTIAL,6159326950
CVI3 FUNCTION,6159326900
CVI3 FUNCTION - ESTOP,6159326930
CVI3 VISION,6159326910
CVI3 VISION - ESTOP,6159326940
CVIC II-H2,6159326770
CVIC II-L2,6159326760
CVIL II,6159326800
LICENSES X1 DESOUTTER PROTOCOL,6159278280
LICENCES X50 FOR DESOUTTER PROT,6159275880
LICENSES X10 OPEN PROTOCOL,6159275820
LICENSES X25 DESOUTTER PROTOCOL,6159275870
LICENSES X50 OPEN PROTOCOL,6159275840
LICENCES X10 FOR DESOUTTER PROT,6159275860
LICENSES X25 OPEN PROTOCOL,6159275830
LICENCE UPGRADE CVIR2,6159276390
CVIR II,6159326810
CVIXS,6159327200
ESP1-HT,6159326370
ESP 1,6159326350
ESP1-HT PLUS,6159327070
ESP1-LT,6159326340
ESP2-A,6159327080
ESP C 110V,6151654840
ESP CA LT 110V,6151654870
ESP CA 220V,6151654820
ESP C LT 110V,6151654850
ESP CA 110V,6151654860
,
,
,
,
,
eDock + Battery Data Interface,6158134000
eWALLET 8GB for Desoutter U.V.,6159278440
eWALLET empty - no U.V.,6159278460
eWALLET with 550 DEMO U.V.,6159278450
eWALLET 8GB Custom,6159278441
OPEN PROTOCOL ADAPTER CNW CURVES,6159279000
OPEN PROTOCOL ADAPTER CVINETWEB,6159277580
CVINETWEB NOTIFIER,6159270760
CVI RECOVERY 50 Controllers,6159277690
CVI RECOVERY 100 Controllers,6159277700
CVI RECOVERY 1 Controller,6159277670
CVI RECOVERY 10 Controllers,6159277680
DRIM 8GB,6159279170
PRIM INFINITY ONE 8GB,6159278670
PIVOTWARE: Core engine 5 stations,6159278000
PIVOTWARE: PMS Licence 1 station,6159278200
PIVOTWARE: PMS Licence 5 stations,6159278210
PIVOTWARE: CVI FUSION Standard Client,6159277830
PIVOTWARE : INFINITY Positioning add-on,6159277910
PIVOTWARE: Core engine 1 station,6159277990
"INFINITY MODULE 17"" IOT",6159327430
NANO 6I/O,6159363270
PIVOTWARE: CVI FUSION QMS add-on,6159277870
PIVOTWARE: CVI FUSION Reporting add-on,6159277840
PIVOTWARE: CVI FUSION PMS add-on,6159277860
,
,
,
,
,
,
,
,
,
,
,
,
,
,
H410-N-350 WRENCH,1302454
H410-N-90 WRENCH,1302614
H410-N-60 WRENCH,1302794
H410-N-150 WRENCH,1302534
H410-N-500 WRENCH,1302374
,
,
,
,
,
SD055-LR1470-S4Q,1463004
SD075-LB1100-S4Q,1463064
SD055-LB1470-R4Q,1463194
SD100-LB820-R4Q,1463174
SD140-AB510-S4Q,1462784
SD100-LR820-S4Q,1462984
SD100-LB510-R4Q,1463164
SD100-AR820-S4Q,1462724
SD055-LB1470-S4Q,1463074
SDP075-T1050-S4Q,1465544
SDP100-T490-R4Q,1465594
SDP160-T300-S4Q,1465514
SDP035-T2100-R4Q,1465634
SDP075-T1050-D4Q,1465684
SDP100-T780-R4Q,1465604
SDP055-T1400-D4Q,1465694
SDP055-T1400-S4Q,1465554
SDP140-T490-S4Q,1465524
SB011-AR1600-S4Q,1460524
SBP021-T2300-S4Q,1462144
SB025-AB500-S4Q,1460684
SB015-AB1100-S4Q,1460634
SB025-AR750-S4Q,1460504
SB025-AB750-S4Q,1460624
SBP043-T1100-S4Q,1462164
SBP047-T550-S4Q,1462174
SB025-AR500-S4Q,1460564
SC2-055A700-S4Q,2051472664
SC2-045A1000-S4Q,2051472674
SC2-055-2RM700-S4Q,2051474374
SC2-035-2RM1500-S4Q,2051474394
SC2-065-1AM500-S4Q,2051474224
SC2-035-1AM1500-S4Q,2051474254
SC2-025-1AM2200-S4Q,2051474264
SC2-065-2RM500-S4Q,2051474364
SC2-065A500-S4Q,2051472654
SCP043-T1100-S4Q,1456754
SCP021-T1600-S4Q,1456744
SCPT043-A1100-S4Q,1458894
SCP044-T550-R4Q,1456804
SCP047-T550-S4Q,1456764
SCPT047-A550-S4Q,1458854
SCP044-T1100-R4Q,1456794
SCBP044-T740-S4Q,1466344
SCBP047-T550-S4Q,1466334
SD095-LR800-S90-A10S,1463544
SD209-LR370-S90-A10S,1463524
SD300-LR250-S90-A10S,1463514
SD072-LB1080-S90-A10S,1463504
SD072-LR1080-S90-A10S,1463554
SD209-LB370-S90-A10S,1463474
SD300-LB250-S90-A10S,1463464
SD130-LB600-S90-A10S,1463484
SD095-LB800-S90-A10S,1463494
SH850-LR190-S90-A13S,2051474754
SH70-LR1100-S90-A4S,2051476284
SH700-LR225-S90-A13S,2051474744
SH500-LR330-S90-A13S,2051474734
SH150-LR580-S90-A10S,2051476294
SH1200-LR215-S90A13S,2051474764
SH200-LR550-S90-A10S,2051476304
SH280-LR350-S90-A10S,2051476314
SH420-LR400-S90-A10S,2051478004
SC043-L950-S90A4S,1459134
SC043-L950-S90A4H,1459054
SC047-L500-S90A4H,1459044
SC047-L500-S90A4S,1459124
DC2-50-100-250-500-RIG,6159351970
DC2-10-50-100-500-RIG,6159351160
DC2-LARGE-10-50-250-1000-RIG,6159351960
DC2-10-100-1000-RIG,6159351980
DC2-5-10-50-250-RIG,6159352560
DC2-50-250-500-1000-RIG,6159352540
DC2-LARGE-25-100-500-RIG,6159352070
DC2-2-10-50-500-RIG,6159352570
DC2-5-25-100,6159352550
FCT60,6159352500
FCT30,6159352490
DELTA 1D,6159351010
DELTA 7D,6159351470
DELTA 6D,6159351020
DELTA QC ADVANCED 5 USERS,6159276540
DELTA QC ADVANCED 1 USER,6159276530
DELTA QC LICENSED 5 USERS,6159276520
DELTA QC LICENSED 1 USER,6159276510
Q-SHIELD 800-S,6159352150
Q-SHIELD 900-S,6159352160
Q-SHIELD 500-S,6159352140
Q-SHIELD 200-S,6159352120
Q-SHIELD 150-S,6159352110
Q-SHIELD 400-S,6159352130
Q-SHIELD 30-S,6159352100
ALPHA D5,6159351410
ALPHA D1,6159351400
ALPHA D16,6159351420
DRT 4 Sq 5000,6151655400
DRT 4 Sq 3000,6151655360
DRT 4 Sq 10000,6159351640
PST 2 Nm – 13,6159352200
PST 250 Nm – 36,6159352260
PST 1000 Nm – 50,6159352280
PST 50 Nm – 36,6159352240
PST 5 Nm – 13,6159352210
PST 10 Nm – 13,6159352220
PST 500 Nm – 50,6159352270
PST 25 Nm – 36,6159352230
PST 100 Nm – 36,6159352250
,
,
DRT 5 Sq 25,6151652220
DRT 5 Sq 180,6151652240
DRT 5 Sq 5000,6151657800
,
,
,
,
,
,
,
,
,
,
HDR-3000-360-T6-1,6154011480
HDR-400-6,6154011450
HDR-1000-6,6154011430
HDR-6000-360-T6-1,6154011460
HDR-600-6,6154011440
HDR-6000-360-T6-6,6154011500
HDR-3000-360-T6-6,6154011520
"HTH13,5-437-4Q-M34-6",6154011670
"HTH3,1-1500-4Q-M20-1",6154011710
"HTH8,1-725-4Q-M34-1",6154011590
"HTH8,1-725-4Q-M20-1",6154011740
"HTH13,5-437-4Q-M20-6",6154011820
"HTH5,9-1036-4Q-M34-1",6154011580
"HTH5,9-1036-4Q-M20-6",6154011800
"HTH3,1-1500-4Q-M20-6",6154011780
"HTH13,5-437-4Q-M34-1",6154011600
,
,
,
,
,
DR750-P750-C13,1465074
DR750-P2700-C10,1465094
DR750-P3300-C10,1465104
DR750-P1300-C10,1465084
DR750-P6000-C8,1465124
DR750-P4100-C8,1465114
DR750-P6000,2051474174
DR750-P750,2051474524
DR750-P1300-JT1,2051466624
DR500-P1800,2051476664
DR500-P1000,2051476604
DR500-P4300-C8,2051476704
DR500-P18500,2051476784
DR500-P1400,2051476634
DR500-P18500-C8,2051476764
DR500-P600,2051476574
DR500-P400,2051476544
DR500-P1800-C10,2051476644
AH-90-STD-S8,2050503403
AH-90-STD-T8,2050503533
AH-360-STD-S6,2050503423
AH-90-STD-S6,2050503393
AH-360-STD-T6,2050503413
AH-30-CPT-S5,2050503303
AH-90-CPT-T5,2050503313
AH-360-STD-S8,2050503433
AH-360-CPT-S5,2050503343
DR350-P3000,2051473574
DR350-P2000,2051473564
DR350-P5500-C8,2051472504
DR350-P5500,2051473584
DR350-P20000-C8,2051472524
DR350-P1000,2051473554
DR350-P550-C10,2051472424
DR350-P2000-C8,2051472464
DR350-P4500-C8,2051473824
RFDT-125-140,1445504
RFD-100-140,1457364
RFD-100-60,1457384
RFDT-125-800,1445654
RFDT-125-330,1445674
RFDT-125-85,1445514
RFDT-125-500,1445664
RFD-100-85,1457374
RFDT-125-60,1445524
DR350-P3000-QR,2051475284
DR350-P4500-QR,2051479834
DR350-P5500-QR,2051479844
DR350-P1000-QR,2051479814
DR350-P550-QR,2051479804
DR300-T1000-T5-30,6151760720
DR300-T20000-C8,6151760650
,
,
,
,
,
CP0351FUDEL,T012608
CP0214 ANBEL,T012343
CP0351CUDEL,T008955
CP0214CELEL,T012344
CP0214FALEL,T013152
CP0214ENFEL,T018163
CP0351ESKEL,T012603
CP0214ENGEL,T018164
CP0214CEREL-5,6151710160
CP0214ENBEL,T018678
CP0214ENCEL-5,6151710170
CP0214CENEL,T018677
CP0351ASKEL,T007773
CP0351ASGEL,T007783
CP0214ANPEL,T019138
CP0351ASVEL,T009582
CP0214ANGEL,T018672
CP0214ENPEL,T018997
,
,
,
,
,
CP4450-S-2,2051467124
CP4450-S-3,2051467134
CP4450-S-4,2051467144
CP4444-1,2051479384
CP4447-RUVAB,T022964
CP4444-RURAB,T022961
CP4447-RUTAB,T022912
CP4450-3,T025190
CP4450-4,T025191
RS500-P18500-WHIT,2051481304
RS500-P18500-UNF,2051481294
2H16-L-160-500,1434264
2H16-L-90-250,1434344
T500-P400,2051479954
T500-P600,2051479964
,
,
,
,
,
PL05-10F,6151701330
PL05-10D,6151701310
PL05-10E,6151701320
KC061000-30,2051466384
05-X-80000,258984
KA312E7,6151700390
KA320EG,6151700480
KA312EG,6151700400
KA320E7,6151700470
KA320E9,6151701460
KA312E9,6151701470
KA9020B,6151700970
KL165B,6151700110
KL1120A,6151700220
KL1120A5,6151700130
KA320EC3,6151700460
KA318EC3,6151700450
KL185B7,6151700120
KL177B7Y,6151701820
SV3P8,6151700750
SV3P,6151700670
SV4P14,6151700720
SV4P,6151700680
SV3-14,6151700700
SV3,6151700660
SV3P14,6151700710
SXOAR1C,6151702370
SMRD60HC,6151702810
SXRA35,6151702180
SMRD60HV,6151702820
K190B3CW,6151700050
K190B4,6151700040
K145B6,6151700020
K160B6,6151700030
K160B6Y,6151701730
K1120B3CWY,6151701710
,
,
,
,
,
ASD SCREWDISPENSER 2-5MM US,6158104740
ASD SCREWDISPENSER 2-5MM EUR,6158104730
ASD SCREWDISPENSER 2-5MM UK,6158104720
CABLE POSCO500 / BIT-TRAY,6159175330
CABLE POSCO500 / I-O CVI,6159175340
CABLE BIT-TRAY / I-O CVI,6159175350
BARCODE LICENSE,6159275710
POSCO FUNCTION LICENCES,6159277520
POSCO ADVANCED LICENCES,6159277530
POSCO PC SOFTWARE - 1 USER,6159275730
POSCO PC SOFTWARE - 5 USERS,6159275740
ADVANCED PROGRAMMING LICENSE,6159275720
TRA25-2100 UNI,6158100940
TRA200-1600,6158101020
TRA12-2100 UNI,6158100910
TRA25-1150 UNI,6158100920
TRA200-2100,6158101030
TRA200-2600,6158101040
TRA12-1600 UNI,6158100900
TRA12-1150 UNI,6158100890
TRA 200 2100 P,6158116880
D53-12 X/Y-AXLE,6153978750
D53-5,6158107000
D53-100,6158107050
D53-12,6158107010
D53-25,6158107020
D53-25X,6158107030
D53-50,6158107040
D53-12S,6158107070
D53-25S,6158107080
PIVOTWARE POSITIONING KIT USB TO CAN,6158132650
TT25-1600-600,6158122610
TT10-850-300,6158122600
TT100-2100-900,6158122650
RAIL PER METRE (D59),409213
STAND D58,408923
ADAPTER USB TO CAN V2,6158132980
PULLEY,100203
LATCH TOP (D59),409233
LATCH SIDE (D59),409243
BALANCER 15D 5-7KG RETRACTOR,50062
"BALANCER 5DU 1,4-2,4KG RETRACTOR",50542
"HOSE BALANCER 4HU-X 0,7-2KG / 1.5M",2051481284
"HOSE BALANCER 4HU 0,7-2KG",50562
BALANCER 22S 6-10KG LOCK RETRACTOR,50592
BALANCER 10S 2-5KG LOCK RETRACTOR,50572
4DU (NO LABEL),51282
BALANCER 4DU 1-2KG RETRACTOR,50532
BALANCER 15S 5-7KG LOCK RETRACTOR,50582
CP9948 BALANCER+ST6.0-8.0KG 13.2-17.6LB,8941099480
CP9920 BALANCER 1.0-2.5KG 2.2-5.5LB,8941099200
CP9921 BALANCER 2.0-4.0KG 4.4-8.8LB,8941099210
CP9922 BALANCER 4.0-6.0KG 8.8-13.2LB,8941099220
CP9946 BALANCER+STOP2.0-4.0KG 4.4-8.8LB,8941099460
CP9947 BALANCER+STOP4.0-6.0KG 8.8-13.2LB,8941099470
CP9940 BALANCER 10.0-14.0KG 22.0-30.8LB,8941099400
CP9950 BALANCER+ST10.0-14.0KG22.0-30.8LB,8941099500
CP9936 BALANCER 2.0-4.0KG 4.4-8.8LB,8941099360
KIT (VACUUM),108892
CP9965 BALANCER 30.0-35.0KG 66.1-77.2LB,8941099650
CP9969 BALANCER 65.0-75.0KG143.3-165.3LB,8941099690
CP9958 BALANCER 18.0-22.0KG 39.7-48.5LB,8941099580
CP9971 BALANCER90.0-105.0KG198.4-231.5LB,8941099710
CP9959 BALANCER 22.0-25.0KG 48.5-55.1LB,8941099590
CP9970 BALANCER 75.0-90.0KG165.3-198.4LB,8941099700
CP9967 BALANCER 45.0-55.0KG 99.2-121.2LB,8941099670
CP9955 BALANCER 7.0-10.0KG 15.4-22.0LB,8941099550
CP9954 BALANCER 4.0-7.0KG 8.8-15.4LB,8941099540
HALF CABLE DRUM,112823
SUPPORT CHAIN.,445113
,
,
,
,
,
DTH-42 TOOL HOLDER ASSY,107892
DTH TWIN RAIL KIT,6158114125
DTH TWIN,6158114110
DTH TWIN STAND SCREW KIT,6158119810
DTH TWIN BRACKET KIT,6158119820
DTH 90 TOOL HOLDER ASSY,6158121190
DTH TWIN STAND KIT,6158114135
BACKING PAD 5'',2050498533
PAD RECTANGULAR 215 X 113MM,6153500190
PAD RECTANGULAR 170 X 93MM,6153500180
PAD RECT HOLE DIST 60,6153501210
TRIANGULAR VELCRO PAD,6153501220
BACKING PAD 180MM,6159902000
PAD 4Inch H&L W/0 HOLE 5/16-24 - 100GR,6159901020
BACKING PAD 6'' H&L M14x2 RIGID,6159901370
PAD 5i PSA W/0 HOLE 5/16-24 - 100GR NB,6159901610
BELT 71T (T5X16MM WIDE),222953
BELT SANDING 480X25 GR150 10PC - DES,6158112350
BELT SANDING 480X20 GR150 10PC - DES,6158112280
BELT SANDING 480X20 GR40 10PC - DES,6158112230
BELT SANDING 480X25 GR180 10PC - DES,6158112360
BELT SANDING 480X20 GR120 10PC - DES,6158112270
BELT SANDING 480X20 GR60 10PC - DES,6158112240
BELT SANDING 480X20 GR180 10PC - CP,6158112290
BELT SANDING 480X20 GR100 10PC - DES,6158112260
ASSEMBLY KIT,6153960750
ASSEMBLY KIT,6153960720
"SANDING DISC, 2'', 120 GRIT TYPE 1",6158041020
DIAMOND DISK DIA 127MM,6158049150
"SANDING DISC, 2'', 80 GRIT TYPE 1",6158041010
HOSE KIT PUR 6.3X10MM 8M (1/4''ID) BSP,6158046270
HOSE KIT PUR 08X12MM 8M (5/16''ID) BSP,6158046280
HOSE KIT PUR 12.5X18MM 8M (1/2''ID) 1/2BSP,6158046300
HOSE KIT PUR 13X18MM 8M (1/2''ID) 1/2 NPT,6158112160
HOSE KIT PUR 12.5X18MM 8M (1/2''ID) 3/8 BSP,6158112390
HOSE KIT PUR 10X14MM 8M(3/8''ID) 3/8 BSP,6158112380
HOSE KIT PUR 12.5X18MM 8M (1/2''ID) 3/8 NPT,6158112410
HOSE KIT PUR 10X14MM 8M (3/8''ID) 3/8 NPT,6158112400
HOSE PUR 05X09MM 2.5M G1/4-G1/8 NPT,P043886
SPIRAL HOSE PUR 05X08MM 2M BSP,6158046310
SPIRAL HOSE PUR 05X08MM 8M BSP,6158046340
SPIRAL HOSE PUR 06.5X10MM 8M NPT,6158109700
SPIRAL HOSE PUR 08X12MM 4M NPT,6158109720
SPIRAL HOSE PUR 08X12MM 2M NPT,6158109710
SPIRAL HOSE PUR 11X16MM 6M NPT,6158109770
SPIRAL HOSE PUR 11X16MM 8M NPT,6158109780
"SPIRAL HOSE PUR 06,5X10MM 6M BSP",6158046370
SPIRAL HOSE PUR 06.5X10MM 8M BSP,6158046380
IN LINE OILER 1/2'' NPT,6158135540
IN LINE OILER 3/4'' NPT,6158135550
AIR-FLEX 1/2'' BSP,6158047500
AIR-FLEX 3/8'' BSP,6158047480
AIR-FLEX 1/2'' NPT,6158047510
AIR-FLEX 3/8'' NPT,6158047490
AIR-FLEX 1/4'' NPT,6158047470
AIR-FLEX 1/4'' BSP,6158047460
AIR-FLEX 3/8'' PT,6159955570
AIR-FLEX 1/2'' PT,6159955580
AIR-FLEX 1/4'' PT,6159955590
SPRING LOADED SHAFT,108342
SPRING LOADED SHAFT 1/2'' SQR,108362
SPRING LOADED SHAFT 3/8'' SQUARE Ø12,2050558683
SPRING LOADED SHAFT 1/2'' SQUARE Ø19,2050557863
SPRING LOADED SHAFT 1/2'' SQUARE Ø16,2050557843
SPRING LOADED SHAFT,108352
M5 ELBOW FITTING,444983
M5 STRAIGHT FITTING,444973
HN-203000,5412054452
HN-202000,5412054450
HOSE ADAPTOR BARBED 1/4NPT 8DIA,6157040190
AIR CONNECTION 1/2''-13MM,6157040160
HOSE ADAPTOR BARBED 1/4NPT 6DIA,6157050090
NIPPLE 3/8BSP D10MM,6157040270
NIPPLE,6157050060
HOSE PVC 05X08.5MM 2M G1/4-G1/8 BSP,75902
HOSE PVC 10X14MM 3M G1/4-G1/4 BSP,75972
HOSE PVC 06X08MM 5M G1/4-G1/4 BSP,75952
HOSE PVC 05X08.5MM 3M G1/4-G1/8 BSP,75922
CHARGER UNIVERSAL 18-36V,6158132700
POWER CORD C13-C14 L=0.3M,6158133830
BATTERY COVER 18V 4.2Ah/36V 2.1Ah-BLACK,6152110460
BATTERY COVER 18V 4.2Ah/36V 2.1Ah-BLUE,6152110470
BATTERY COVER 18V 4.2Ah/36V 2.1Ah-RED,6152110480
BATTERY COVER 18V 2.1Ah-BLACK,6152110410
BATTERY COVER 18V 2.1Ah-BLUE,6152110420
BATTERY COVER 18V 4.2Ah/36V 2.1Ah-GREY,6152110490
BATTERY COVER 18V 2.1Ah-GREY,6152110440
BATTERY COVER 18V 2.1Ah-CLEAR,6153968710
BATTERY COVER 18V 2.1Ah-RED,6152110430
BATTERY PACK 18V,6158132660
BATTERIE 36V,6158132670
DTH BATTERY (SINGLE),6158133850
"LED LAMP, BLUE",6159235895
"LED LAMP, WHITE",6159235875
"LED LAMP, GREEN",6159235865
"LED LAMP, YELLOW",6159235855
"LED-LAMP, RED",6159235845
OPERATOR PANEL CVI3,6159360720
P1R,6159390175
P2Y,6159390245
KEY-SWITCH K1,6159390005
SOCKET TRAY WITH TUBES AND INSERTS,6159360950
KIT TUBES AND PAWNS SOCKET TRAY,6153980355
SOCKET TRAY,6159360710
STACKLIGHT,6159360730
IO EXPANDER,6159360740
SHAFT SUPPORT M20,108412
ELIT RUNNER NOSE COMPLETE,6153990560
KIT SIDE HANDLE SC2,2050521753
CORD ASSEMBLY 33FT ESD,6153603790
ADAPTOR M20 SLB012/020,6155481515
ADAPTOR M20 SLB030/050,6155481525
PISTOL GRIP SLB TRIGGER,6153979180
PISTOL GRIP SLB PUSH,6153979190
PISTOL GRIP KIT PUSH,77562
TORQUE FIXING RING MEDIUM BLACK ESD,6152250960
TORQUE RING,6153967425
TORQUE FIXING RING SLB012/020,6155482180
TORQUE FIXING RING SLB030/050,6155482190
SHORT LEVER,2050502993
CABLE SPIRAL SLC M12 MALE-MALE - 5M,6159175940
CABLE EXTENSION SLC M12 MALE-FEMALE - 2M,6159175930
CIRCULAR SAW BLADE D64 DIAMOND TIPPED,16962
CIRCULAR SAW BLADE D64 DIAMOND TIPPED,32732
CIRCULAR SAW BLADE D64 80T WOOD,34252
CIRCULAR SAW BLADE D80 TEFLON,90772
CIRCULAR SAW BLADE D50 SEGMENT 50,90832
CIRCULAR SAW BLADE D64 PLASTIC,90762
CIRCULAR SAW BLADE D64 SEGMENT 60,90842
CIRCULAR SAW BLADE D64 110T DIAMOND,90722
CIRCULAR SAW BLADE D50 WOOD,90782
SAW BLADE 44.5mmDia,90742
DIAMOND CUTTER BLADE 180MM,6158111450
CUTTER 125MM TOOTH 2MM,6158111460
CUTTER 3/8''DIA CARBIDE,70592
CUTTER 5/16''DIA CARBIDE,70582
CUTTER 7/16''DIA CARBIDE,70602
CUTTER 1/4''DIA CARBIDE,70572
CUTTER 1/2''DIA CARBIDE,70622
KIT FRONT NOSE HEX 18,6153991940
KIT FRONT NOSE HEX 14,6153988880
KIT FRONT NOSE HEX 12,6153988870
KIT FRONT NOSE HEX 20,6153991930
KEYLESS CHUCK 13MM-3/8''x24,2050478193
KEYED CHUCK 8MM - 3/8''x24,2050530133
KEYED CHUCK 13MM-5/8Inchx16 33BA,29122
H02-CHUCK B26 4.5-8MM CAP 1JT,29452
KEYED CHUCK 10MM - 2JT,34752
BUMPER FOR DR300,6153993120
BAIL SUSPENSION,443703
BAIL SUSPENSION,473153
BAIL SUSPENSION,2050495373
SUSPENSION YOKE,2050511153
SUSPENSION YOKE,2050511133
BAIL HOOK,2050512893
BAIL SUSPN 22WIDE 2MMDIA 75LG,280893
BAIL SUSPN 50WIDE 3MMDIA 78LG,307683
BAIL SUSPN 13WIDE 3MMDIA 100LG,39433
Collet chuck DA100,4141028290
Collet Nut Long,4141066892
Collet CC-20.6,4141081316
COLLET-CC-1-2,4141081301
COLLET-CC-16.7,4141081305
COLLET-CC-1-1-4,4141081416
COLLET-CC-17,4141081306
COLLET-CC-1-1-8,4141081408
COLLET-CC-15.01,4141081339
CHUCK KEY,410213
CHUCK Q/R ASSY CPTE JT1,16852
KEYED CHUCK 10MM - 3/8''x24,2050529543
CHUCK KEY,29232
CHUCK KEY,29222
CHUCK KEY,29932
KEYED CHUCK 13MM - 2JT,34332
KEY CHUCK - KIT SET OF 3,34302
CHUCK GUARD C8 - DR750,473143
DB14S2-CP6,DB14S2-CP6
DB14S1-CP6,DB14S1-CP6
DB16L2-CP6,DB16L2-CP6
DB18S1-CP2,DB18S1-CP2
KEYLESS CHUCK 8MM - 3/8''x24,473433
KEYED CHUCK 6.5MM - 3/8''x24,2050552723
KEYED CHUCK 13MM-1/2''x20,29142
KEYLESS CHUCK 10MM-3/8''x24,473423
KEYED CHUCK 13MM - 3/8''x24,473113
KEYLESS CHUCK 13MM - 2JT,524.16
KEYLESS CHUCK 10MM - 1JT,524.15
SPACER 15MM HOLE 14 USE FOR M14 SPINDLE,6156430870
SPACER 15MM HOLE 16 USE FOR 5/8'' SPINDLE,6156430880
WASHER CR-1_1/64,P083254
COLLET 11/64'' 9/32X40THRD,108172
COLLET 4.6MM BORE,19082
COLLET 5.8MM BORE,19152
COLLET 3.4MM BORE,19022
COLLET 5.0MM BORE,19102
COLLET 4.0MM BORE,19052
COLLET 4.4MM BORE,19072
COLLET 5.6MM BORE,19142
COLLET 2.4MM BORE,18962
"INS. BIT 1/4'' HEX C6.3 HEX2,5-L25 10PCS",6158201150
INS. BIT 1/4'' HEX C6.3 HEX8-L25 10PCS,6158201200
INS. BIT 1/4'' HEX C6.3 HEX2-L25 10PCS,6158201140
INS. BIT 1/4'' HEX C6.3 HEX5-L25 10PCS,6158201180
INS. BIT 1/4'' HEX C6.3 HEX3-L25 10PCS,6158201160
INS. BIT 1/4'' HEX C6.3 HEX4-L25 10PCS,6158201170
INS. BIT 1/4'' HEX C6.3 HEX6-L25 10PCS,6158201190
INS. BIT 1/4'' HEX C6.3 TX+8-L25 10PCS,6158202580
INS. BIT 1/4'' HEX C6.3 TX+30-L25 10PCS,6158202630
SKIRT 5Inch,6153501030
SKIRT 6Inch LARGE,6153501060
SKIRT 3-1/2Inch,6153501100
SKIRT 5Inch LARGE,6153501070
SKIRT (5'') NON MET,6155702340
INLET CONNECTOR,104833
SILENCER KIT,6153961010
SILENCER KIT,6153961240
SILENCER KIT,6153961660
CLIPPABLE SILENCER TYPHOON,6153966550
CLIPPABLE SILENCER,6153969570
SILENCER COMPLETE,6153994590
SILENCER COMPLETE,6153994600
INLET BOLT ASSEMBLY BSP FOR SILENCER,6153993110
GUARD-1100-6IN-P,4141082694
GUARD-9IN,4141006895
GUARD-VAC-11,4141029690
GUARD-VAC-8.5,4141029694
GUARD-1500-7.5,4141032394
GUARD-1500-10,4141032390
GUARD-1500-16,4141032393
GUARD-1500-12,4141032391
GUARD-1500-9,4141032395
HOSE ASSEMBLY,6153962630
EXHAUST HOSE KIT,6153995230
EXHAUST HOSE 0.75 M LENGTH,6158751160
EXHAUST HOSE,6158751130
EXHAUST HOSE,8940168002
COLLET NUT,116803
COLLET NUT,2050504793
COLLET NUT,29623
Socket cover-SQ1/4-d16-R,4027119790
Socket cover-SQ3/8-d25-R,4027129791
Socket cover-SQ1/2-d28-R,4027139790
Socket cover-SQ1/2-d33-R,4027139791
Socket cover-SQ3/4-d47-R,4027159790
SILENCER B TYPE FOR AIR MOTORS,2050541773
SILENCER C TYPE FOR AIR MOTORS,2050541783
CPA1008 TIMER CARD,6158135230
STYLUS COMPLETE,63213
RIVET SET .498 4''(L) 1-1/4''(Ø),A047091
RETAINER-ZIP QUICK,A046094
RETAINER-QUICKCHANGE,A046095
RETAINER-BEEHIVE,A046096
RETAINER-BEEHIVE,A047096
RETAINER-QUICK CHANGE,A047095
W-372372-01,5412060452
ADAPTOR KIT TUBE D27.7-D28MM DTH 90,6158121400
GSE 2500 ADAPTER,6159176740
CMD 5000 ADAPTER,6159176720
CMD / ST 4000 ADAPTER,6159176710
RS232 ADAPTER FOR DELTAxD,6159176700
GSE 8500T ADAPTER,6159176750
GSE 8500T/A ADAPTER,6159176760
Analog 19 pins adapter,6159351750
CR-1 1/4 AN-470 UNIVERSAL (RIVET Ø3/16),P089445
CR-1 3/8 AN-470 UNIVERSAL (RIVET Ø3/16),P089446
CR-1 1/4 AN-430 ROUND (RIVET Ø5/32),P089380
"RIVET SET 12,7MM UNIV 1/4''",P089253
CR-1 1/2 AN-442 FLAT (RIVET Ø3/16),P091638
CR-1 1/2 AN-470 UNIVERSAL (RIVET Ø3/32),P089432
"RIVET SET 10,2MM UNIV 3/32''",P089221
CR-1 1/4 AN-470 UNIVERSAL (RIVET Ø5/32),P089440
"RIVET SET 10,2MM ROUND 5/32''",P089208
FLUSH SET,P089496
FLUSH SET,P089495
FLUSH SET 5/8,P089504
FLUSH SET,P089498
FLUSH SET,P089497
FLUSH SET,P089499
WASHER CR-1_1/32,P083255
NOSE ADAPTER-1.825,4141003207
NOSE ADAPTER-2-1-4,4141003203
NOSE ADAPTER-1-9-16,4141003204
NOSE-12IN-1-1-2,4141024591
NOSE-8IN-1-1-2,4141024590
NOSE-12IN-2,4141025791
NOSE-12IN-1-1-2-E,4141031292
NOSE-8IN-2,4141025790
NOSE-3.5IN-1,4141026193
ADAPTER-9-16-3-8,4141025400
Adapter,4141030700
SPINDLE-1100-2-5-16,4141065290
SPINDLE-1100-5-5-16,4141065293
SPINDLE-1100-3-1-4,4141065191
SPINDLE-CC-1100-3,4141074291
SPINDLE-1500-14-9-16,4141000492
SPINDLE-1500-7.5-916,4141000494
SPINDLE-1500-16-9-16,4141000493
SPINDLE-1500-10-9-16,4141000490
SPINDLE-1500-12-9-16,4141000491
GUIDE-CC-R-1100-M6-31,4141088390
GUIDE-CC-R-1100-M6-55,4141088391
BUSH-SPECIAL-74OD-63.1ID,4141034391
BUSH-SPECIAL-70OD-50.43ID,4141034393
BUSH-SPECIAL-70OD-50.76ID,4141034392
BUSH-SPECIAL-74OD-63.48ID,4141034390
GUIDE-CC-R-1100-M6,4141074391
PFD1500-IPR3,4141003493
PFD1500-RPM6,4141004395
PFD1500-IPR2,4141003492
PFD1500-RPM3,4141004394
PFD1500-RPM5,4141004391
PFD1500-IPR8,4141003496
PFD1500-RPM1,4141004392
PFD1500-IPR1,4141003491
PFD1500-IPR4,4141003494
VACUUM-5IN-1,4141025091
VACUUM-8IN-2,4141025098
VACUUM-5IN-1-1-4,4141025093
VACUUM-12IN-2,4141025099
VACUUM-8IN-1-1-2,4141025090
VACUUM-12IN-1-1-2,4141025097
VACUUM-5IN-1-1-2,4141033090
VACUUM SWIVEL,4141090092
DA100-3-8,4141030022
DA100-1-2,4141030030
DA100-15-32,4141030028
DA100-1-4,4141030014
DA100-9-16,4141030034
INDEXER-1-9-16,4141030691
INDEXER-HD-1-9-16,4141034490
Indexing stop nut cpl,4141084391
Indexer PFD1500 Regular,4141091290
Socket-SQ3/8-L32-SD15-R,4027121115
Socket-SQ3/8-L32-SD7-R,4027121107
Socket-SQ3/8-L32-SD11-R,4027121111
Socket-SQ3/8-L32-SD14-R,4027121114
Socket-SQ3/8-L32-SD13-R,4027121113
Socket-SQ3/8-L32-SD19-R,4027121119
Socket-SQ3/8-L32-SD18-R,4027121118
Socket-SQ3/8-L32-SD12-R,4027121112
Socket-SQ3/8-L32-SD17-R,4027121117
Bit-HEXE7/16-L150-T30,4027105530
Bit-HEXE7/16-L150-T45,4027105545
Bit-HEXE7/16-L75-T55,4027105455
Bit-HEXE7/16-L100-HEX6,4027105206
Bit-HEXE7/16-L150-XZN10,4027105810
Bit-HEXE7/16-L150-XZN08,4027105808
Bit-HEXE7/16-L75-T30,4027105430
Bit-HEXE7/16-L150-T55,4027105555
Bit-HEXE7/16-L75-T45,4027105445
Socket-SQ1/2-L38-SD21-R,4027131121
Socket-SQ1/2-L38-SD18-R,4027131118
"Socket-SQ1/2""-L38-SD17-R",4027131117
Socket-SQ1/2-L38-SD19-R,4027131119
Socket-SQ1/2-L38-SD13-R,4027131113
Socket-SQ1/2-L38-SD22-R,4027131122
Socket-SQ1/2-L40-SD27-R,4027131127
Socket-SQ1/2-L38-SD11-R,4027131111
Socket-SQ1/2-L38-SD10-R,4027131110
Bit socket-SQ1/2-L150-T50-RM-R,4027132851
Bit socket-SQ1/2-L100-T55-RM-R,4027132756
Bit socket-SQ1/2-L60-T55-RM-R,4027132656
Bit socket-SQ1/2-L150-T55-RM-R,4027132856
Bit socket-SQ1/2-L60-T45-RM-R,4027132646
Bit socket-SQ1/2-L100-T45-RM-R,4027132746
Bit socket-SQ1/2-L150-T45-RM-R,4027132846
Bit socket-SQ1/2-L60-T50-RM-R,4027132651
Bit socket-SQ1/2-L150-T40-RM-R,4027132841
Socket-SQ1/4-L23-HEX5.5,4027110055
Socket-SQ1/4-L23-HEX4.5,4027110045
Socket-SQ1/4-L23-HEX10,4027110010
Socket-SQ1/4-L23-HEX1/4,4027110096
Socket-SQ1/4-L23-HEX3/8,4027110091
Socket-SQ1/4-L25-HEX13-M,4027110513
Socket-SQ1/4-L23-HEX13,4027110013
Socket-SQ1/4-L23-HEX9-M,4027110509
Socket-SQ1/4-L23-HEX9,4027110009
Bit-HM4-L64-PH00,4023000113
Bit-HM4-L44-PZ1,4023000228
Bit-HM4-L44-T8,4023000126
Bit-HM4-L64-T10,4023000129
Bit-HM4-L64-PZ0,4023000227
Bit-HM4-L44-IP3,4023000236
Bit-HM4-L44-T5,4023000122
Bit-HM4-L44-T2,4023000106
Bit-HM4-L44-S0.3x2,4023000237
ALLEN KEY 5/32A/F,17833
ALLEN KEY 4.0MMA/FMM,204903
ALLEN KEY 2.0MMA/F,206773
ALLEN KEY 2.0MM,6153976020
HEXAGON WRENCH 6MM A/F,6158020560
ALLEN KEY 1/4A/FHEX,69773
IBS 1/4'' ALLEN KEY 1/4'',8951011464
SPANNER 3/16'' X 1/4'' BSWHIT,15533
SPANNER D/E 9/16'' X 5/8'' AF,18583
2 x SPANNERS 8*9.5,268263
SPANNER 7/16''X1/2''BSW OPEN,29443
SPANNER 10mm. A/F,6158010020
SPANNER .42''X .32''A/F OPEN,63533
SPANNER 15.5A/FHEX&10.4OPEN,82623
NUT RUN M 1/4''HEX E6.3 A/F12-L150 10PCS,6158202240
NUT RUN M 1/4''HEX E6.3 A/F7-L150 10PCS,6158202210
NUT RUN M 1/4''HEX E6.3 A/F6-L150 10PCS,6158202200
NUT RUN M 1/4''HEX E6.3 A/F13-L150 10PCS,6158202250
NUT RUN M 1/4''HEX E6.3 A/F10-L150 10PCS,6158202230
NUT RUN M 1/4''HEX E6.3 A/F8-L150 10PCS,6158202220
NUT RUN M 1/4''HEX E6.3 A/F5-L150 10PCS,6158202180
NUT RUN M 1/4''HEX E6.3 A/F12-L75 10PCS,6158206310
NUT RUN M 1/4''HEX E6.3 A/F12-L50 10PCS,6158206200
BIT Ø4MM HALFMOON PH0-L64 10PCS,6158200780
BIT Ø4MM HALFMOON PH0-L64 10PCS,6158200800
BIT Ø4MM HALFMOON PH0-L44 10PCS,6158200790
BIT Ø4MM HALFMOON PH1-L44 10PCS,6158200810
BIT Ø4MM HALFMOON PH0-L64 10PCS,6158200770
"BIT Ø4MM HALFMOON A/F2,3-L44 10PCS",6158200950
BIT Ø4MM HALFMOON TX TP10-L44 10PCS,6158201080
"BIT Ø4MM HALFMOON HEX2,5-L44 10PCS",6158200930
BIT Ø4MM HALFMOON HEX2-L44 10PCS,6158200920
"PWR BIT 5/16'' SLOT 5,0x1,0 L103",10262
PWR BIT 1/4'' HEX E6.3 HEX3-L150 10PCS,6158200150
PWR BIT 1/4'' HEX E6.3 HEX5-L100 10PCS,6158200100
PWR BIT 1/4'' HEX E6.3 PH0-L60 10PCS,6158200690
"PWR BIT 1/4'' HEX E6.3 HEX2,5-L150 10PCS",6158200140
PWR BIT 1/4'' HEX E6.3 HEX8-L150 10PCS,6158200190
PWR BIT 1/4'' HEX E6.3 HEX2-L100 10PCS,6158200020
PWR BIT 1/4'' HEX E6.3 PH00-L60 10PCS,6158200580
PWR BIT 1/4'' HEX E6.3 PH0-L80 10PCS,6158200640
BIT Ø4MM WINGSHANK PH1-L60 10PCS,6158200390
BIT Ø4MM WINGSHANK PH0-L40 10PCS,6158200300
BIT Ø4MM WINGSHANK TX5-L60 10PCS,6158200500
BIT Ø4MM WINGSHANK TX6-L40 10PCS,6158200510
BIT Ø4MM WINGSHANK PH0-L40 10PCS,6158200280
BIT Ø4MM WINGSHANK PH0-L80 10PCS,6158200320
BIT Ø4MM WINGSHANK PH0-L100 10PCS,6158200350
BIT Ø4MM WINGSHANK TX5-L40 10PCS,6158200490
BIT Ø4MM WINGSHANK PH00-L40 10PCS,6158200270
Q/R BIT HOLDER 3/8,108052
BIT HOLDER MAG 1/4'' HEX E6.3 -L150,110102
BIT HOLDER Q/R F6.3 1JT,31102
BIT HOLDER 3/8'' SQ HEX 1/4'',6155483150
BIT HOLDER 1/2'' SQ DRIVE Q/R 1/4'' L41,6158123060
BIT HOLDER MAG 1/4'' HEX E6.3 TX20-L150,6158202520
BIT HOLDER MAG 1/4'' HEX E6.3 TX15-L33,6158202450
BIT HOLDER MAG 1/4'' HEX E6.3 PZ1-L33,6158202500
BIT HOLDER MAG 1/4'' HEX E6.3 TX20-L33,6158202460
SLEEVE DRIVE SOCKETS 3/8''-14MM,6158117820
SLEEVE DRIVE SOCKETS 3/8''-11MM,6158117790
SLEEVE DRIVE SOCKETS 1/2''-21MM,6158117970
SLEEVE DRIVE SOCKETS 1/2''-24MM,6158118000
SLEEVE DRIVE SOCKETS 1/2''-32MM,6158118070
SLEEVE DRIVE SOCKETS 1/2''-14MM,6158117900
SLEEVE DRIVE SOCKETS 1/2''-23MM,6158117990
SLEEVE DRIVE SOCKETS 1/2''-25MM,6158118010
SLEEVE DRIVE SOCKETS 1/2''-12MM,6158117880
NUT RUN 1/4'' HEX E6.3 A/F13-L150 10PCS,6158202170
NUT RUN 1/4'' HEX E6.3 A/F6-L150 10PCS,6158202120
NUT RUN 1/4'' HEX E6.3 A/F10-L150 10PCS,6158202150
NUT RUN 1/4'' HEX E6.3 A/F5-L150 10PCS,6158202100
NUT RUN 1/4'' HEX E6.3 A/F7-L150 10PCS,6158202130
NUT RUN 1/4'' HEX E6.3 A/F12-L150 10PCS,6158202160
"NUT RUN 1/4'' HEX E6.3 A/F5,5-L150 10PCS",6158202110
NUT RUN 1/4'' HEX E6.3 A/F8-L150 10PCS,6158202140
NUT RUN 1/4'' HEX E6.3 A/F5-L50 10PCS,6158205750
ADAPTOR 1/4'' TO 10,103782
ADAPTOR 3/8''SQ 1/4'',108322
ADAPTOR 5/16DESHX 1/4SQDR 75LG,23592
ADAPTOR 34LG 5/16DESHX 1/4SQDR,32962
ADAPTER HALFMOON TO 1/4'' HEX E6.3,6158132160
ADAPTER 1/4'' HEX E6.3 SQ1/4''-L152,6158205110
ADAPTER 1/4'' HEX E6.3 SQ3/8''-L152 10PCS,6158205150
ADAPTER 1/4'' HEX E6.3 SQ1/4''-L76,6158205090
ADAPTER 1/4'' HEX E6.3 SQ1/4-L51,6158205080
GREASE GUN CPTE,6159901490
GREASE KIT - 5g,396.001
GREASE ISOFLEX 1KG,6159901480
FEMALE 1/2'' - FEMALE 1/2'',6151655730
FEMALE 3/4'' - FEMALE 3/4'',6151655760
Drive 14x18 Open End 5/8'' TAG,6152210110
Drive 9x12 Flared End 9/16'' TAG,6152210040
Drive 14x18 Open End 3/4'' TAG,6152210130
Drive 9x12 Bits Holder 1/4'' TAG,6152210280
Drive 14x18 Box End 7/8'' TAG,6152210250
Drive 9x12 Flared End 11/16'' TAG,6152210060
Drive 9x12 Flared End 5/8'' TAG,6152210050
BATTERY DELTA D,6159361420
Wrench Protection,6159365040
I/O ADD-ON BOARD,6159290260
TELESCOPIC MODULE 1''1/2 EFDS106,6153992700
TELESCOPIC MODULE 3/4'' EFDS80,6153992670
TELESCOPIC MODULE 1'' EFDS80,6153992680
TELESCOPIC MODULE 1'' EFDS106,6153992960
PROTECTION COVER BLACK,6152110190
PROTECTION PLASTIC COVER AH0.75,6152110030
PROTECTION COVER E-PULSE S,6152110120
PROTECTIVE COVER FOR EABS TRACKER,6152111810
PISTOL COVER PROTECTION,6153968700
PROTECTIVE COVER EID 44/65/75,6155732120
PROTECTIVE COVER EAD 80/105,6155732100
PROTECTIVE COVER EID 25/32,6155732110
PROTECTIVE COVER EAD 70,6155732090
DJS FOR DST AND PST 5 NM HARD,6151655710
DJS FOR DST AND PST 5 NM SOFT,6151655310
DJS FOR DST AND PST 2 NM SOFT,6151655290
DJS FOR DST AND PST 2 NM HARD,6151655300
D1 Hard,6159361210
D5 Soft,6159361220
D5 Hard,6159361230
D1 Soft,6159361200
D16 Hard,6159361250
STEEL FRONT HOUSING,6155655180
FINGER PROTECTION EAD 20/32,6153976350
FINGER PROTECTION EAD 50,6153976360
FINGER PROTECTION EAD 70,6153976370
CABLE EXT ER/EME REINFORCED CVI 30M,6159170880
CABLE EXT ER/EME REINFORCED CVI 10M,6159170840
CABLE CSS 2612 SC,6159170260
CABLE EXT ER/EME REINFORCED CVI 5M,6159170830
TOOL CABLE 10M,6159174640
CABLE L=395MM - M12X1 12 POLE SHIELDED,6159174230
CABLE ER CVI 10M,6159174940
EXTENSION CABLE 20M,6159172260
CABLE L=315MM - M12X1 12 POLE SHIELDED,6159174250
CABLE ERPLT 4M,6159174100
CABLE 15M CVI3 TOOL,6159176050
CABLE CVI3 SPINDLE TOOL 10M,6159176540
CABLE Y RS232-BARCODE READER,6159175360
E-FLEX CVI3 CABLE - 5M,6159176320
CABLE EXTENSION 50M CVI3,6159175890
CABLE CVI3 SPINDLE TOOL 5M,6159176520
CABLE CVI3 SPINDLE TOOL 15M,6159176550
CABLE CVI3 SPINDLE TOOL 2.5M,6159176510
ADAPTOR JT1 TO JT2,12243
VACUUM HOSE ADAPTOR 25MM/28MM/32MM/38MM,6153501170
VACUUM HOSE ADAPTOR 25MM/28MM,6158044480
Nexonar Advanced Training,9900436532
Nexonar Essential Training,9900436531
,
,
,
,
,
,
Nexonar 1 day On-Site Support,9900436533
,
,
Smart Start QShield-S,9900436492
Smart Start Virtual cable,9900436513
Smart Start Access Point,9900436512
Corded tools basic start-up,9900436515
Smart Start Bar Code Reader,9900436514
Smart Start QShield-C,9900436491
Smart Start D53 Positionning,9900436511
Nexonar 1 day Installation & Commissioni,9900436530
Smart Care EF*O 40-54 Spindles,9900436474
Smart Care BLRT*,9900436469
Smart Care EF** 106/107 Spindles,9900436472
Smart Care EAB*,9900436467
Smart Care EPB*,9900436468
Smart Care EME* 60/80 Spindles,9900436462
Smart Care EF** 40 to 51 Spindles,9900436470
Smart Care ECP High Torque,9900436457
Smart Care EME* 24 to 51 Spindles,9900436461
Basic Care E*D,9900436446
Basic Care EME* 60/80 Spindles,9900436443
Basic Care ERP High Torque,9900436441
Basic Care EF** 106/107 Spindles,9900436451
Basic Care ECS* / ERS* / EC*,9900436437
Basic Care ERxL low torque & ERPx,9900436482
Basic Care EF** 60 Spindles,9900436450
Basic Care ELRT (ePulse),9900436440
Basic Care XPB One,9900436454
Accredited Torque cal. - Transducer,9900436486
Accredited Angle cal. - Transducer,9900436490
Accredited Torque cal. - Alpha tester,9900436487
Accredited Force cal. - Transducer,9900436488
Accredited Angle cal. - Digital wrench,9900436489
